accuracy,f1_score,precision,recall
0.9700819212209628,0.9711045174759411,0.9707970827216272,0.9730980713333655
0.01331222176115154,0.01176360010180588,0.011410671794268277,0.010771635416740526
