accuracy,f1_score,precision,recall
0.1685185185185185,0.14953798075380162,0.191897562314229,0.16649884066550732
0.02771598064276994,0.021093004568308257,0.030909444602699936,0.024773046650381252
