accuracy,f1_score,precision,recall
0.30185185185185187,0.2983148182322589,0.3179240820907488,0.345736732403399
0.06692337407256538,0.06134665247943828,0.04329736463395569,0.08792727640182016
