accuracy,f1_score,precision,recall
0.65,0.6408038515890759,0.7027736552710753,0.6754211619897894
0.04948292302180512,0.04853567107338153,0.06392717520451277,0.041172136528792494
