accuracy,f1_score,precision,recall
0.9314814814814815,0.9198033429670751,0.9227306916032407,0.932498298723789
0.03343605571345887,0.050561332333929315,0.05075415626061781,0.04267315549700208
