accuracy,f1_score,precision,recall
0.9055555555555556,0.8872053783913089,0.9003688613492535,0.8987004117886471
0.07109760674241655,0.10069254444286893,0.09491694191170907,0.0901311467121502
