accuracy,f1_score,precision,recall
0.2,0.19202050577179572,0.21221340388007054,0.19493783993783992
0.015044515564140668,0.01197795942694299,0.008689155128362285,0.01675999657175753
