accuracy,f1_score,precision,recall
0.9793103448275862,0.9765873015873016,0.9815656565656565,0.9736111111111111
0.027586206896551727,0.02949349869216198,0.02698123310948096,0.032394177193585
