accuracy,f1_score,precision,recall
0.9425925925925925,0.9419736957584849,0.9509737666110215,0.952434355767689
0.021436735005167074,0.026594151871741578,0.015124796340269963,0.023179797284504193
