accuracy,f1_score,precision,recall
0.9388888888888889,0.9362779266752435,0.9440401192852172,0.9439676155362431
0.03910872607767196,0.044696203863519496,0.04144450798019155,0.04159893032280998
