accuracy,f1_score,precision,recall
0.1685185185185185,0.14253235584504936,0.17133178187099757,0.16267689101022437
0.021436735005167087,0.012724420006750694,0.019802308909613618,0.016273043590523277
