accuracy,f1_score,precision,recall
0.26481481481481484,0.250935502787928,0.29621168954502286,0.27032917699584363
0.0171733675842513,0.03762217349312705,0.061452352318577555,0.03454390557829876
