accuracy,f1_score,precision,recall
0.953619122432948,0.9527836289240307,0.9557843566827439,0.9523451747874537
0.0128141077421038,0.013261474722961176,0.012025764884992244,0.013212096314318654
