accuracy,f1_score,precision,recall
0.5111111111111111,0.5060825706800939,0.5258293249959917,0.5240114823448156
0.02062134949196305,0.018424843995958617,0.02281747369266376,0.014245637444748917
