accuracy,f1_score,precision,recall
0.26666666666666666,0.25377167676187284,0.2920463795463796,0.2767842034508702
0.01079805906452834,0.0265095638727379,0.04546826383271619,0.023593867232082243
