accuracy,f1_score,precision,recall
0.3277777777777778,0.3176347283416427,0.34007585007585006,0.3669138269138269
0.03343605571345886,0.044823100808147796,0.050842746243502546,0.054981357213806634
