accuracy,f1_score,precision,recall
0.5296296296296297,0.5235204520854675,0.5746563826408118,0.5335762168115108
0.050511784062910556,0.028910765018341666,0.030019778328717887,0.025556613409179755
