accuracy,f1_score,precision,recall
0.6685185185185185,0.6639307387907072,0.7244271378585104,0.700437570780708
0.05051178406291058,0.049781663946059776,0.05870223733907351,0.05165300887580002
