accuracy,f1_score,precision,recall
0.2537037037037037,0.25375169760102684,0.312631319297986,0.271182860349527
0.03638311611923796,0.02222067802853344,0.053330087968057376,0.02545269358885554
