accuracy,f1_score,precision,recall
0.6777777777777778,0.6630567829510545,0.6812033917426075,0.6859624562075541
0.04735819204646079,0.018291984001658494,0.015222185197983887,0.01691977339894526
