accuracy,f1_score,precision,recall
0.9277777777777778,0.9262636903159779,0.9385613134142547,0.9359937284937285
0.03675820970607261,0.035091885386060846,0.03386478381710926,0.033633634527702835
