accuracy,f1_score,precision,recall
0.3,0.2983150126165112,0.3328728461081402,0.3432760141093475
0.07017516785739414,0.06294406831897001,0.03566649230854589,0.09375906091415383
