accuracy,f1_score,precision,recall
0.9,0.8977039063256814,0.9023118421157637,0.9113314699099012
0.057197945227705556,0.05596191582464606,0.054963913224453646,0.0535306201625367
